Playername,Country,Age,Height,Position,Years Played,Mean Year,Appearances,Goals
Franklin Anangon&#xF3;,Ecuador,39,,Defender,1999,1999,7,0,
Gabriel Achilier,Ecuador,29,1.80,Defender,2008-,2011,24,0,
&#xC1;lex Aguinaga,Ecuador,46,1.72,Midfielder,1987-2004,1995.5,109,23,
Juan Aguinaga,Ecuador,36,1.73,Midfielder,2001-2003,2002,,,
Pa&#xFA;l Ambrosi,Ecuador,33,1.77,Defender,2003-2009,2006,35,0,
Rorys Arag&#xF3;n,Ecuador,32,1.88,Goalkeeper,2007-,2010.5,3,0,
Michael Arroyo,Ecuador,27,1.81,Midfielder,2010-,2012,23,3,
Norberto Araujo,Ecuador,35,1.82,Defender,2011,2011,4,0,
Ra&#xFA;l Avil&#xE9;s,Ecuador,50,,Forward,1987-1993,1990,55,16,
Jaime Ayov&#xED;,Ecuador,26,1.86,Forward,2010-,2012,30,9,
Nicol&#xE1;s Asencio,Ecuador,39,1.75,Forward,1995-2003,1999,20,0,
Walter Ayov&#xED;,Ecuador,35,1.71,Defender,2001-,2007.5,93,8,
&#xD3;scar Bag&#xFC;&#xED;,Ecuador,31,1.73,Defender,2005-,2009.5,21,0,
Ermen Ben&#xED;tez,Ecuador,,,Forward,1984-1989,1986.5,19,8,
Jimmy Bland&#xF3;n,Ecuador,45,1.69,Midfielder,1997-2000,1998.5,30,0,
Marlon Ayov&#xED;,Ecuador,42,1.77,Midfielder,1998-2007,2002.5,76,5,
Christian Ben&#xED;tez,Ecuador,,1.68,Forward,2005-2013,2009,24,,
M&#xE1;ximo Banguera,Ecuador,28,1.83,Goalkeeper,2008-,2011,25,0,
Luis Bola&#xF1;os,Ecuador,29,1.76,Forward,2007-,2010.5,11,0,
Jimmy Bran,Ecuador,35,1.82,Midfielder,,,1,,
F&#xE9;lix Borja,Ecuador,31,1.79,Forward,2005-2011,2008,23,3,
Adri&#xE1;n Bone,Ecuador,25,1.88,Goalkeeper,2011-,2012.5,3,0,
Julio Briones,Ecuador,39,,Midfielder,1998,1998,1,0,
Flavio Caicedo,Ecuador,26,,Midfielder,2011-,2012.5,2,0,
Juan Carlos Burbano,Ecuador,45,1.69,Midfielder,1996-2002,1999,18,0,
Robert Burbano,Ecuador,43,,Midfielder,1991-2000,1995.5,15,0,
Felipe Caicedo,Ecuador,25,1.85,Forward,2005-,2009.5,53,15,
Geovanny Caicedo,Ecuador,33,1.88,Defender,2009-,2011.5,8,0,
Luis Caicedo,Ecuador,35,,Midfielder,2007-,2010.5,3,1,
Ren&#xE1;n Calle,Ecuador,38,1.81,Defender,1999-2007,2003,13,1,
Jhon Cagua,Ecuador,38,1.77,defense,1999-2000,1999.5,10,0,
Jayro Campos,Ecuador,30,1.80,Defender,2004-,2009,20,0,
Diego Calder&#xF3;n,Ecuador,27,1.80,Defender,2011-,2012.5,5,0,
Geovanni Camacho,Ecuador,29,,Goalkeeper,2007-,2010.5,1,0,
Luis Capurro,Ecuador,53,1.80,Defender,1985-2003,1994,100,1,
Mois&#xE9;s Candelario,Ecuador,35,1.78,Midfielder,1999,1999,4,0,
Segundo Castillo,Ecuador,32,1.79,Midfielder,2003-,2008.5,81,9,
H&#xE9;ctor Carabal&#xED;,Ecuador,42,1.87,Midfielder,1992-1999,1995.5,58,2,
Polo Carrera,Ecuador,69,,Forward,1966-1983,1974.5,20,3,
Nixon Carcel&#xE9;n,Ecuador,44,1.78,Midfielder,1991-1999,1995,40,1,
Carlos Ernesto Castro,Ecuador,35,,Defender,,,7,0,
Jos&#xE9; Francisco Cevallos,Ecuador,43,1.82,Goalkeeper,1994-2010,2002,89,0,
Luis Checa,Ecuador,30,1.82,Defender,2008-,2011,8,0,
Cl&#xE9;ber Chal&#xE1;,Ecuador,43,1.83,Midfielder,1992-2004,1998,86,6,
Alex Cevallos,Ecuador,47,1.81,Goalkeeper,1988-1996,1992,23,0,
Marco Constante,Ecuador,46,1.75,Midfielder,1997,1997,2,0,
Jos&#xE9; Luis Cortez,Ecuador,34,1.82,Midfielder,2005-,2009.5,5,3,
Dannes Coronel,Ecuador,,1.87,Defender,1992-2000,1996,27,0,
Ulises de la Cruz,Ecuador,40,1.76,Defender,1995-2010,2002.5,101,6,
Rixon Corozo,Ecuador,33,,Goalkeeper,,,,,
Marlon de Jes&#xFA;s,Ecuador,22,1.87,Forward,2010-,2012,5,0,
Gilson Da Souza,Ecuador,47,1.84,Midfielder,1996-1997,1996.5,17,1,
Hamilton Cuvi,Ecuador,,,,,,,,
Agust&#xED;n Delgado,Ecuador,39,1.88,Forward,1994-2006,2000,71,31,
Marcelo Elizaga,Ecuador,42,1.87,Goalkeeper,2007-2012,2009.5,23,0,
Frickson Erazo,Ecuador,26,1.90,Defender,2011-,2012.5,40,1,
Alexander Dom&#xED;nguez,Ecuador,27,1.93,Goalkeeper,2011-,2012.5,21,0,
Jacinto Espinoza,Ecuador,44,,Goalkeeper,1992-2004,1998,38,0,
Giovanny Espinoza,Ecuador,37,1.88,Defender,2000-,2007,90,2,
&#xCD;talo Estupi&#xF1;&#xE1;n,Ecuador,62,1.75,Forward,1972-1973,1972.5,14,4,
&#xC1;ngel Fern&#xE1;ndez,Ecuador,43,1.72,Forward,1991-2004,1997.5,77,12,
Energio D&#xED;az,Ecuador,44,,Forward,1995,1995,5,3,
H&#xE9;ctor Ferri,Ecuador,45,,Midfielder,1992-2000,1996,6,0,
Wilson Folleco,Ecuador,24,,Defender,,,,,
Gustavo Figueroa,Ecuador,35,1.75,Forward,2000-2006,2003,5,0,
Fernando Gaibor,Ecuador,22,1.79,Midfielder,2013-,2013.5,2,0,
Eduardo Garc&#xED;a (footballer),Ecuador,,,,1976-1977,1976.5,3,0,
Fricson George,Ecuador,39,1.72,Defender,1999-2007,2003,18,0,
Juan Carlos Garay,Ecuador,45,,Midfielder,1991-1996,1993.5,28,1,
Jos&#xE9; Gavica,Ecuador,45,1.68,Midfielder,1992-2003,1997.5,34,4,
Luis G&#xF3;mez (footballer),Ecuador,,,,,,,,
Bol&#xED;var G&#xF3;mez,Ecuador,37,1.77,Defender,1999,1999,1,0,
H&#xE9;ctor Manuel Gonz&#xE1;lez,Ecuador,42,,Midfielder,1997,1997,1,0,
Juan Govea,Ecuador,23,,Midfielder,2011-,2012.5,1,0,
Carlos Armando Gruezo Qui&#xF1;&#xF3;nez,Ecuador,38,1.82,Forward,1998,1998,1,0,
Jorge Guagua,Ecuador,32,1.79,Defender,2001-,2007.5,62,2,
Fernando Guerrero (footballer),Ecuador,24,1.70,Midfielder,2007-,2010.5,3,0,
Ariel Graziani,Ecuador,43,1.82,Forward,1997-2000,1998.5,34,15,
Joffre Guerr&#xF3;n,Ecuador,29,1.75,Midfielder,2007-,2010.5,18,0,
Juan Guam&#xE1;n,Ecuador,49,,Defender,1991-1995,1993,10,1,
Diego Herrera,Ecuador,45,1.75,Forward,1992-1999,1995.5,11,0,
Eduardo Hurtado,Ecuador,44,1.90,Forward,1992-2002,1997,74,26,
Iv&#xE1;n Hurtado,Ecuador,40,1.79,Defender,1992-2010,2001,167,5,
Ra&#xFA;l Guerr&#xF3;n,Ecuador,37,1.85,Defender,2000-2004,2002,34,0,
Santiago J&#xE1;come,Ecuador,41,,Defender,1999-2000,1999.5,3,0,
Miguel Ibarra (footballer),Ecuador,29,1.75,Defender,2009-,2011.5,4,0,
Erik de Jes&#xFA;s,Ecuador,31,,Defender,2004-2008,2006,10,,
Omar de Jes&#xFA;s,Ecuador,38,1.71,Defender,2006-,2010,15,0,
Oswaldo Ibarra,Ecuador,44,1.80,Goalkeeper,1997-2004,2000.5,27,0,
Carlos Alberto Ju&#xE1;rez,Ecuador,42,1.92,Forward,2000,2000,4,0,
Iv&#xE1;n Kaviedes,Ecuador,36,1.82,Forward,1996-2012,2004,57,17,
Javier Klimowicz,Ecuador,37,1.89,Goalkeeper,2007-,2010.5,2,0,
Dami&#xE1;n Lanza,Ecuador,32,1.85,Goalkeeper,2004-2006,2005,5,0,
F&#xE9;lix Lasso,Ecuador,,,,,,,,
Jorge Ladines,Ecuador,27,1.65,wing,,,1,0,
Christian Lara (footballer),Ecuador,34,1.62,Midfielder,2002-2008,2005,28,4,
Pietro Marsetti,Ecuador,,,,,,,,
Jos&#xE9; Madrid,Ecuador,26,1.79,Defender,2011-,2012.5,1,0,
Fidel Mart&#xED;nez,Ecuador,24,1.76,Midfielder,2008-,2011,8,2,
Edison Maldonado,Ecuador,42,,Forward,1994-1999,1996.5,10,1,
&#xC9;dison M&#xE9;ndez,Ecuador,35,1.75,Midfielder,2000-2014,2007,111,18,
Manuel Mendoza,Ecuador,25,,Goalkeeper,2008-2009,2008.5,4,0,
Isaac Mina,Ecuador,33,1.85,Defender,,,20,2,
Mariano Mina,Ecuador,35,1.82,Defender,2001,2001,,,
Edmundo M&#xE9;ndez,Ecuador,45,,Defender,1996-1997,1996.5,11,0,
Narciso Mina,Ecuador,,1.72,Forward,2008-,2011,11,1,
Oswaldo Minda,Ecuador,31,1.83,Midfielder,2008-,2011,20,0,
Jimmy Montanero,Ecuador,,,,,,,,
Roberto Mi&#xF1;a,Ecuador,29,,Forward,2002-2007,2004.5,12,0,
Alberto Monta&#xF1;o,Ecuador,44,1.86,Defender,1992-2000,1996,57,3,
Edson Monta&#xF1;o,Ecuador,23,1.83,Forward,2011-,2012.5,4,0,
Cristian Mora,Ecuador,34,1.86,Goalkeeper,2005-2007,2006,20,0,
Jairo Monta&#xF1;o,Ecuador,35,,Defender,2006-,2010,6,0,
Carlos Luis Morales,Ecuador,49,,Goalkeeper,1987-1999,1993,40,0,
Jefferson Montero,Ecuador,24,1.70,Midfielder,2007-,2010.5,43,8,
Eduardo Morante,Ecuador,27,1.88,Defender,2010-,2012,5,0,
Christian Noboa,Ecuador,29,1.83,Midfielder,2006-,2010,45,2,
Luis Moreira,Ecuador,35,1.73,Forward,1999,1999,6,0,
Ra&#xFA;l Noriega,Ecuador,44,1.81,Defender,1988-1997,1992.5,27,2,
Pablo Palacios,Ecuador,32,1.78,Forward,2007-2011,2009,15,2,
Geovanny Nazareno,Ecuador,26,1.77,Defender,2008-,2011,5,0,
Ebelio Ord&#xF3;&#xF1;ez,Ecuador,40,1.87,Forward,1996-2007,2001.5,19,1,
Alfonso Obreg&#xF3;n,Ecuador,42,1.80,Midfielder,1995-2004,1999.5,58,0,
Juan Carlos Paredes,Ecuador,27,1.74,Defender,2010-,2012,41,0,
Jefferson Pinto,Ecuador,24,1.74,Midfielder,,,1,0,
Joao Plata,Ecuador,22,1.56,Forward,2011,2011,1,0,
Carlos Andr&#xE9;s Qui&#xF1;&#xF3;nez,Ecuador,34,1.73,Defender,2001,2001,,,
Jos&#xE9; Luis Perlaza,Ecuador,32,1.93,Defender,2004-,2009,4,0,
Armando Paredes,Ecuador,,,,,,,,
Augusto Porozo,Ecuador,40,1.83,Defender,1999-2004,2001.5,38,1,
Lupo Qui&#xF1;&#xF3;nez,Ecuador,,,,,,,,
Marco Qui&#xF1;&#xF3;nez,Ecuador,36,,Defender,2007-,2010.5,1,0,
Carlos Alberto Raffo,Ecuador,,,Forward,1959-1963,1961,13,10,
H&#xF3;lger Qui&#xF1;&#xF3;nez,Ecuador,52,1.82,Defender,1984-1999,1991.5,50,0,
Pedro Qui&#xF1;&#xF3;nez,Ecuador,28,1.72,Midfielder,2007-,2010.5,10,0,
David Quiroz,Ecuador,31,1.75,Midfielder,,,32,0,
N&#xE9;icer Reasco,Ecuador,37,1.70,Defender,1998-2011,2004.5,54,0,
Joao Rojas,Ecuador,25,1.73,Midfielder,2008-,2011,31,2,
Ivo Ron,Ecuador,47,,Midfielder,1991-1995,1993,10,3,
Erwin Ram&#xED;rez,Ecuador,42,,Goalkeeper,1991,1991,8,1,
Wellington S&#xE1;nchez,Ecuador,40,1.80,Midfielder,1994-2004,1999,44,3,
Hidrobo Rosero,Ecuador,40,,Midfielder,1997,1997,4,0,
Luis Saritama,Ecuador,30,1.72,Midfielder,2003-,2008.5,49,0,
Alberto Spencer,Ecuador,,,Forward,1959-1972,1965.5,11,4,
Christian Su&#xE1;rez,Ecuador,28,1.75,Forward,2010-,2012,10,3,
Eduardo Smith,Ecuador,48,,Midfielder,1996-1997,1996.5,12,0,
Franklin Salas,Ecuador,32,1.67,Forward,2003-,2008.5,26,2,
Byron Tenorio,Ecuador,48,,Defender,1988-1997,1992.5,53,3,
Carlos Tenorio,Ecuador,35,1.83,Forward,2001-2011,2006,51,12,
Edwin Tenorio,Ecuador,38,1.72,Midfielder,1998-2007,2002.5,78,0,
Otilino Tenorio,Ecuador,,,,,,,,
Juan Trivi&#xF1;o,Ecuador,33,1.81,Defender,2004-2005,2004.5,5,0,
Edder Vaca,Ecuador,28,1.66,Midfielder,2007-,2010.5,2,0,
M&#xE1;ximo Tenorio,Ecuador,44,1.85,Defender,1992-97,1044.5,38,3,
Patricio Urrutia,Ecuador,35,1.78,Midfielder,2002-2009,2005.5,3,,
Antonio Valencia,Ecuador,29,,Midfielder,2005-,2009.5,74,8,
Enner Valencia,Ecuador,24,1.79,Forward,2012-,2013,13,7,
Jos&#xE9; Villafuerte,Ecuador,,,,,,,,
&#xC9;der Valencia,Ecuador,32,,Midfielder,,,,,
Edwin Villafuerte,Ecuador,35,,Goalkeeper,2004-2007,2005.5,16,0,
Wagner Rivera,Ecuador,41,,Defender,,,,,
Jairon Zamora,Ecuador,36,1.78,Midfielder,1999-2000,1999.5,7,0,
Hjalmar Zambrano,Ecuador,43,,Midfielder,1992-1995,1993.5,5,1,
Daniel Viteri,Ecuador,32,1.86,Goalkeeper,2002-,2008,5,0,
Edmundo Zura,Ecuador,31,1.82,Forward,2006-2009,2007.5,11,1,
